[
{
  "model": "shop.author",
  "pk": 1,
  "fields": {
    "first_name": "Олимпиада",
    "last_name": "Матвеев"
  }
},
{
  "model": "shop.author",
  "pk": 2,
  "fields": {
    "first_name": "Давыд",
    "last_name": "Павлова"
  }
},
{
  "model": "shop.author",
  "pk": 3,
  "fields": {
    "first_name": "Георгий",
    "last_name": "Самойлов"
  }
},
{
  "model": "shop.author",
  "pk": 4,
  "fields": {
    "first_name": "Серафим",
    "last_name": "Павлова"
  }
},
{
  "model": "shop.author",
  "pk": 5,
  "fields": {
    "first_name": "Натан",
    "last_name": "Ефремова"
  }
},
{
  "model": "shop.author",
  "pk": 6,
  "fields": {
    "first_name": "Сидор",
    "last_name": "Агафонов"
  }
},
{
  "model": "shop.author",
  "pk": 7,
  "fields": {
    "first_name": "Харитон",
    "last_name": "Афанасьева"
  }
},
{
  "model": "shop.author",
  "pk": 8,
  "fields": {
    "first_name": "Роман",
    "last_name": "Галкина"
  }
},
{
  "model": "shop.author",
  "pk": 9,
  "fields": {
    "first_name": "Оксана",
    "last_name": "Белоусова"
  }
},
{
  "model": "shop.author",
  "pk": 10,
  "fields": {
    "first_name": "Лев",
    "last_name": "Кузьмин"
  }
},
{
  "model": "shop.author",
  "pk": 11,
  "fields": {
    "first_name": "Савватий",
    "last_name": "Морозов"
  }
},
{
  "model": "shop.author",
  "pk": 12,
  "fields": {
    "first_name": "Боян",
    "last_name": "Галкин"
  }
},
{
  "model": "shop.author",
  "pk": 13,
  "fields": {
    "first_name": "Трифон",
    "last_name": "Гуляев"
  }
},
{
  "model": "shop.author",
  "pk": 14,
  "fields": {
    "first_name": "Владимир",
    "last_name": "Ковалев"
  }
},
{
  "model": "shop.author",
  "pk": 15,
  "fields": {
    "first_name": "Архип",
    "last_name": "Аксенов"
  }
},
{
  "model": "shop.author",
  "pk": 16,
  "fields": {
    "first_name": "Виктория",
    "last_name": "Гаврилов"
  }
},
{
  "model": "shop.author",
  "pk": 17,
  "fields": {
    "first_name": "Твердислав",
    "last_name": "Гурьев"
  }
},
{
  "model": "shop.author",
  "pk": 18,
  "fields": {
    "first_name": "Ольга",
    "last_name": "Борисова"
  }
},
{
  "model": "shop.author",
  "pk": 19,
  "fields": {
    "first_name": "Елисей",
    "last_name": "Капустина"
  }
},
{
  "model": "shop.author",
  "pk": 20,
  "fields": {
    "first_name": "Герасим",
    "last_name": "Морозов"
  }
},
{
  "model": "shop.author",
  "pk": 21,
  "fields": {
    "first_name": "Родион",
    "last_name": "Фокина"
  }
},
{
  "model": "shop.author",
  "pk": 22,
  "fields": {
    "first_name": "Мефодий",
    "last_name": "Васильева"
  }
},
{
  "model": "shop.author",
  "pk": 23,
  "fields": {
    "first_name": "Глеб",
    "last_name": "Тарасов"
  }
},
{
  "model": "shop.author",
  "pk": 24,
  "fields": {
    "first_name": "Пантелеймон",
    "last_name": "Мясникова"
  }
},
{
  "model": "shop.author",
  "pk": 25,
  "fields": {
    "first_name": "Яков",
    "last_name": "Емельянов"
  }
},
{
  "model": "shop.author",
  "pk": 26,
  "fields": {
    "first_name": "Афанасий",
    "last_name": "Поляков"
  }
},
{
  "model": "shop.author",
  "pk": 27,
  "fields": {
    "first_name": "Захар",
    "last_name": "Дорофеева"
  }
},
{
  "model": "shop.author",
  "pk": 28,
  "fields": {
    "first_name": "Ярополк",
    "last_name": "Гущин"
  }
},
{
  "model": "shop.author",
  "pk": 29,
  "fields": {
    "first_name": "Маргарита",
    "last_name": "Бирюкова"
  }
},
{
  "model": "shop.author",
  "pk": 30,
  "fields": {
    "first_name": "Валентина",
    "last_name": "Виноградова"
  }
},
{
  "model": "shop.author",
  "pk": 31,
  "fields": {
    "first_name": "Максим",
    "last_name": "Дьячков"
  }
},
{
  "model": "shop.author",
  "pk": 32,
  "fields": {
    "first_name": "Митофан",
    "last_name": "Авдеева"
  }
},
{
  "model": "shop.author",
  "pk": 33,
  "fields": {
    "first_name": "Ермил",
    "last_name": "Блинова"
  }
},
{
  "model": "shop.author",
  "pk": 34,
  "fields": {
    "first_name": "Татьяна",
    "last_name": "Бурова"
  }
},
{
  "model": "shop.author",
  "pk": 35,
  "fields": {
    "first_name": "Епифан",
    "last_name": "Александрова"
  }
},
{
  "model": "shop.book",
  "pk": 1,
  "fields": {
    "name": "Интеллектуальный тута.",
    "category": 6
  }
},
{
  "model": "shop.book",
  "pk": 2,
  "fields": {
    "name": "Полностью жестокий.",
    "category": 14
  }
},
{
  "model": "shop.book",
  "pk": 3,
  "fields": {
    "name": "Угроза.",
    "category": 10
  }
},
{
  "model": "shop.book",
  "pk": 4,
  "fields": {
    "name": "Иной изба.",
    "category": 14
  }
},
{
  "model": "shop.book",
  "pk": 5,
  "fields": {
    "name": "Банда.",
    "category": 14
  }
},
{
  "model": "shop.book",
  "pk": 6,
  "fields": {
    "name": "Нож теория.",
    "category": 8
  }
},
{
  "model": "shop.book",
  "pk": 7,
  "fields": {
    "name": "Правление.",
    "category": 6
  }
},
{
  "model": "shop.book",
  "pk": 8,
  "fields": {
    "name": "Гулять.",
    "category": 6
  }
},
{
  "model": "shop.book",
  "pk": 9,
  "fields": {
    "name": "Услать командир.",
    "category": 6
  }
},
{
  "model": "shop.book",
  "pk": 10,
  "fields": {
    "name": "Войти сомнительный.",
    "category": 8
  }
},
{
  "model": "shop.book",
  "pk": 11,
  "fields": {
    "name": "Дорогой.",
    "category": 15
  }
},
{
  "model": "shop.book",
  "pk": 12,
  "fields": {
    "name": "Заявление кпсс.",
    "category": 9
  }
},
{
  "model": "shop.book",
  "pk": 13,
  "fields": {
    "name": "Нажать.",
    "category": 15
  }
},
{
  "model": "shop.book",
  "pk": 14,
  "fields": {
    "name": "Дурацкий песенка.",
    "category": 10
  }
},
{
  "model": "shop.book",
  "pk": 15,
  "fields": {
    "name": "Табак пропаганда.",
    "category": 7
  }
},
{
  "model": "shop.book",
  "pk": 16,
  "fields": {
    "name": "Горький встать.",
    "category": 6
  }
},
{
  "model": "shop.book",
  "pk": 17,
  "fields": {
    "name": "Нож.",
    "category": 15
  }
},
{
  "model": "shop.book",
  "pk": 18,
  "fields": {
    "name": "Пространство.",
    "category": 7
  }
},
{
  "model": "shop.book",
  "pk": 19,
  "fields": {
    "name": "Кожа холодно.",
    "category": 9
  }
},
{
  "model": "shop.book",
  "pk": 20,
  "fields": {
    "name": "Материя.",
    "category": 14
  }
},
{
  "model": "shop.book",
  "pk": 21,
  "fields": {
    "name": "Товар четыре.",
    "category": 8
  }
},
{
  "model": "shop.book",
  "pk": 22,
  "fields": {
    "name": "Близко анализ.",
    "category": 10
  }
},
{
  "model": "shop.book",
  "pk": 23,
  "fields": {
    "name": "Чем.",
    "category": 15
  }
},
{
  "model": "shop.book",
  "pk": 24,
  "fields": {
    "name": "Бетонный.",
    "category": 8
  }
},
{
  "model": "shop.book",
  "pk": 25,
  "fields": {
    "name": "Пол.",
    "category": 10
  }
},
{
  "model": "shop.book",
  "pk": 26,
  "fields": {
    "name": "Житель.",
    "category": 9
  }
},
{
  "model": "shop.book",
  "pk": 27,
  "fields": {
    "name": "Свежий помимо.",
    "category": 9
  }
},
{
  "model": "shop.book",
  "pk": 28,
  "fields": {
    "name": "Выразить плод.",
    "category": 9
  }
},
{
  "model": "shop.book",
  "pk": 29,
  "fields": {
    "name": "Манера дошлый.",
    "category": 15
  }
},
{
  "model": "shop.book",
  "pk": 30,
  "fields": {
    "name": "Полюбить.",
    "category": 15
  }
},
{
  "model": "shop.book",
  "pk": 31,
  "fields": {
    "name": "Трясти.",
    "category": 7
  }
},
{
  "model": "shop.book",
  "pk": 32,
  "fields": {
    "name": "Налоговый функция.",
    "category": 9
  }
},
{
  "model": "shop.book",
  "pk": 33,
  "fields": {
    "name": "Возможно.",
    "category": 6
  }
},
{
  "model": "shop.book",
  "pk": 34,
  "fields": {
    "name": "Ремень.",
    "category": 10
  }
},
{
  "model": "shop.book",
  "pk": 35,
  "fields": {
    "name": "Мусор.",
    "category": 15
  }
},
{
  "model": "shop.book",
  "pk": 36,
  "fields": {
    "name": "Прежний ручей.",
    "category": 7
  }
},
{
  "model": "shop.book",
  "pk": 37,
  "fields": {
    "name": "Приличный хлеб.",
    "category": 7
  }
},
{
  "model": "shop.book",
  "pk": 38,
  "fields": {
    "name": "Ученый.",
    "category": 7
  }
},
{
  "model": "shop.book",
  "pk": 39,
  "fields": {
    "name": "Упорно.",
    "category": 7
  }
},
{
  "model": "shop.book",
  "pk": 40,
  "fields": {
    "name": "Развернуться.",
    "category": 14
  }
},
{
  "model": "shop.bookauthor",
  "pk": 1,
  "fields": {
    "book": 6,
    "author": 6
  }
},
{
  "model": "shop.bookauthor",
  "pk": 2,
  "fields": {
    "book": 18,
    "author": 14
  }
},
{
  "model": "shop.bookauthor",
  "pk": 3,
  "fields": {
    "book": 27,
    "author": 13
  }
},
{
  "model": "shop.bookauthor",
  "pk": 4,
  "fields": {
    "book": 18,
    "author": 3
  }
},
{
  "model": "shop.bookauthor",
  "pk": 5,
  "fields": {
    "book": 4,
    "author": 14
  }
},
{
  "model": "shop.bookauthor",
  "pk": 6,
  "fields": {
    "book": 24,
    "author": 33
  }
},
{
  "model": "shop.bookauthor",
  "pk": 7,
  "fields": {
    "book": 21,
    "author": 15
  }
},
{
  "model": "shop.bookauthor",
  "pk": 8,
  "fields": {
    "book": 5,
    "author": 3
  }
},
{
  "model": "shop.bookauthor",
  "pk": 9,
  "fields": {
    "book": 8,
    "author": 29
  }
},
{
  "model": "shop.bookauthor",
  "pk": 10,
  "fields": {
    "book": 14,
    "author": 12
  }
},
{
  "model": "shop.bookauthor",
  "pk": 11,
  "fields": {
    "book": 32,
    "author": 10
  }
},
{
  "model": "shop.bookauthor",
  "pk": 12,
  "fields": {
    "book": 2,
    "author": 1
  }
},
{
  "model": "shop.bookauthor",
  "pk": 13,
  "fields": {
    "book": 7,
    "author": 11
  }
},
{
  "model": "shop.bookauthor",
  "pk": 14,
  "fields": {
    "book": 30,
    "author": 30
  }
},
{
  "model": "shop.bookauthor",
  "pk": 15,
  "fields": {
    "book": 34,
    "author": 22
  }
},
{
  "model": "shop.bookauthor",
  "pk": 16,
  "fields": {
    "book": 39,
    "author": 26
  }
},
{
  "model": "shop.bookauthor",
  "pk": 17,
  "fields": {
    "book": 35,
    "author": 31
  }
},
{
  "model": "shop.bookauthor",
  "pk": 18,
  "fields": {
    "book": 16,
    "author": 24
  }
},
{
  "model": "shop.bookauthor",
  "pk": 19,
  "fields": {
    "book": 36,
    "author": 22
  }
},
{
  "model": "shop.bookauthor",
  "pk": 20,
  "fields": {
    "book": 1,
    "author": 11
  }
},
{
  "model": "shop.bookauthor",
  "pk": 21,
  "fields": {
    "book": 5,
    "author": 30
  }
},
{
  "model": "shop.bookauthor",
  "pk": 22,
  "fields": {
    "book": 38,
    "author": 29
  }
},
{
  "model": "shop.bookauthor",
  "pk": 23,
  "fields": {
    "book": 15,
    "author": 5
  }
},
{
  "model": "shop.bookauthor",
  "pk": 24,
  "fields": {
    "book": 33,
    "author": 28
  }
},
{
  "model": "shop.bookauthor",
  "pk": 25,
  "fields": {
    "book": 25,
    "author": 35
  }
},
{
  "model": "shop.bookauthor",
  "pk": 26,
  "fields": {
    "book": 20,
    "author": 21
  }
},
{
  "model": "shop.bookauthor",
  "pk": 27,
  "fields": {
    "book": 17,
    "author": 10
  }
},
{
  "model": "shop.bookauthor",
  "pk": 28,
  "fields": {
    "book": 10,
    "author": 19
  }
},
{
  "model": "shop.bookauthor",
  "pk": 29,
  "fields": {
    "book": 19,
    "author": 1
  }
},
{
  "model": "shop.bookauthor",
  "pk": 30,
  "fields": {
    "book": 15,
    "author": 29
  }
},
{
  "model": "shop.bookauthor",
  "pk": 31,
  "fields": {
    "book": 1,
    "author": 12
  }
},
{
  "model": "shop.bookauthor",
  "pk": 32,
  "fields": {
    "book": 38,
    "author": 11
  }
},
{
  "model": "shop.bookauthor",
  "pk": 33,
  "fields": {
    "book": 29,
    "author": 22
  }
},
{
  "model": "shop.bookauthor",
  "pk": 34,
  "fields": {
    "book": 31,
    "author": 9
  }
},
{
  "model": "shop.bookauthor",
  "pk": 35,
  "fields": {
    "book": 26,
    "author": 34
  }
},
{
  "model": "shop.bookauthor",
  "pk": 36,
  "fields": {
    "book": 28,
    "author": 23
  }
},
{
  "model": "shop.bookauthor",
  "pk": 37,
  "fields": {
    "book": 23,
    "author": 5
  }
},
{
  "model": "shop.bookauthor",
  "pk": 38,
  "fields": {
    "book": 5,
    "author": 24
  }
},
{
  "model": "shop.bookauthor",
  "pk": 39,
  "fields": {
    "book": 31,
    "author": 34
  }
},
{
  "model": "shop.bookauthor",
  "pk": 40,
  "fields": {
    "book": 26,
    "author": 12
  }
},
{
  "model": "shop.bookauthor",
  "pk": 41,
  "fields": {
    "book": 22,
    "author": 15
  }
},
{
  "model": "shop.bookauthor",
  "pk": 42,
  "fields": {
    "book": 9,
    "author": 22
  }
},
{
  "model": "shop.bookauthor",
  "pk": 43,
  "fields": {
    "book": 23,
    "author": 23
  }
},
{
  "model": "shop.bookauthor",
  "pk": 44,
  "fields": {
    "book": 35,
    "author": 12
  }
},
{
  "model": "shop.bookauthor",
  "pk": 45,
  "fields": {
    "book": 40,
    "author": 5
  }
},
{
  "model": "shop.bookauthor",
  "pk": 46,
  "fields": {
    "book": 3,
    "author": 28
  }
},
{
  "model": "shop.bookauthor",
  "pk": 47,
  "fields": {
    "book": 12,
    "author": 17
  }
},
{
  "model": "shop.bookauthor",
  "pk": 48,
  "fields": {
    "book": 11,
    "author": 13
  }
},
{
  "model": "shop.bookauthor",
  "pk": 49,
  "fields": {
    "book": 13,
    "author": 10
  }
},
{
  "model": "shop.bookauthor",
  "pk": 50,
  "fields": {
    "book": 37,
    "author": 22
  }
},
{
  "model": "shop.publisher",
  "pk": 1,
  "fields": {
    "name": "Кириллова и партнеры"
  }
},
{
  "model": "shop.publisher",
  "pk": 2,
  "fields": {
    "name": "ОАО «Горшкова»"
  }
},
{
  "model": "shop.publisher",
  "pk": 3,
  "fields": {
    "name": "АО «Яковлева, Костина и Данилова»"
  }
},
{
  "model": "shop.series",
  "pk": 1,
  "fields": {
    "name": "Висеть зарплата."
  }
},
{
  "model": "shop.series",
  "pk": 2,
  "fields": {
    "name": "Приличный."
  }
},
{
  "model": "shop.series",
  "pk": 3,
  "fields": {
    "name": "Порода призыв."
  }
},
{
  "model": "shop.series",
  "pk": 4,
  "fields": {
    "name": "Кидать палец."
  }
},
{
  "model": "shop.series",
  "pk": 5,
  "fields": {
    "name": "Прощение."
  }
},
{
  "model": "shop.category",
  "pk": 1,
  "fields": {
    "name": "Художественная литература",
    "parent_id": null
  }
},
{
  "model": "shop.category",
  "pk": 2,
  "fields": {
    "name": "Книги на иностранных языках",
    "parent_id": null
  }
},
{
  "model": "shop.category",
  "pk": 3,
  "fields": {
    "name": "Кулинария",
    "parent_id": null
  }
},
{
  "model": "shop.category",
  "pk": 6,
  "fields": {
    "name": "Классическая проза",
    "parent_id": 1
  }
},
{
  "model": "shop.category",
  "pk": 7,
  "fields": {
    "name": "Фантастика. Фэнтези",
    "parent_id": 1
  }
},
{
  "model": "shop.category",
  "pk": 8,
  "fields": {
    "name": "Детектив. Триллер",
    "parent_id": 1
  }
},
{
  "model": "shop.category",
  "pk": 9,
  "fields": {
    "name": "Книги на английском языке",
    "parent_id": 2
  }
},
{
  "model": "shop.category",
  "pk": 10,
  "fields": {
    "name": "Книги на испанском языке",
    "parent_id": 2
  }
},
{
  "model": "shop.category",
  "pk": 14,
  "fields": {
    "name": "Выпечка. Десерты",
    "parent_id": 3
  }
},
{
  "model": "shop.category",
  "pk": 15,
  "fields": {
    "name": "Национальные кухни",
    "parent_id": 3
  }
},
{
  "model": "shop.bookinfo",
  "pk": 461,
  "fields": {
    "book": 23,
    "price": "4262",
    "publisher": 1,
    "publication_year": 1919,
    "series": 5,
    "isbn": "978-1-322-60003-1",
    "page_count": 647,
    "type_of_cover": "dutch",
    "circulation": 392,
    "age_limit": 18,
    "image": "book_covers/3028807-1.jpg",
    "description": "Теория функция лететь покидать падаль дремать.",
    "slug": "chem-461"
  }
},
{
  "model": "shop.bookinfo",
  "pk": 462,
  "fields": {
    "book": 36,
    "price": "2529",
    "publisher": 1,
    "publication_year": 1919,
    "series": 3,
    "isbn": "978-0-06-698148-2",
    "page_count": 833,
    "type_of_cover": "hard",
    "circulation": 2232,
    "age_limit": 0,
    "image": "book_covers/3028807-1.jpg",
    "description": "Порода механический выбирать а поговорить валюта лапа.",
    "slug": "prezhnij-ruchej-462"
  }
},
{
  "model": "shop.bookinfo",
  "pk": 463,
  "fields": {
    "book": 2,
    "price": "9693",
    "publisher": 3,
    "publication_year": 1947,
    "series": 4,
    "isbn": "978-1-968053-11-6",
    "page_count": 107,
    "type_of_cover": "soft",
    "circulation": 5302,
    "age_limit": 6,
    "image": "book_covers/3024677-2.jpg",
    "description": "Ручей приходить академик полевой равнодушный поставить тревога результат правильный.",
    "slug": "polnostyu-zhestokij-463"
  }
},
{
  "model": "shop.bookinfo",
  "pk": 464,
  "fields": {
    "book": 13,
    "price": "4071",
    "publisher": 1,
    "publication_year": 1950,
    "series": 1,
    "isbn": "978-1-61987-190-8",
    "page_count": 581,
    "type_of_cover": "soft",
    "circulation": 7611,
    "age_limit": 18,
    "image": "book_covers/3031310-2.jpg",
    "description": "Ярко материя какой порог интеллектуальный штаб премьера.",
    "slug": "nazhat-464"
  }
},
{
  "model": "shop.bookinfo",
  "pk": 465,
  "fields": {
    "book": 4,
    "price": "9231",
    "publisher": 3,
    "publication_year": 1966,
    "series": 1,
    "isbn": "978-1-199-65368-0",
    "page_count": 107,
    "type_of_cover": "hard",
    "circulation": 349,
    "age_limit": 16,
    "image": "book_covers/3029817-3.jpg",
    "description": "Тута изображать домашний тусклый дорогой угол очередной столетие угодный угодный низкий.",
    "slug": "inoj-izba-465"
  }
},
{
  "model": "shop.bookinfo",
  "pk": 466,
  "fields": {
    "book": 14,
    "price": "1304",
    "publisher": 1,
    "publication_year": 1907,
    "series": 4,
    "isbn": "978-0-16-469099-6",
    "page_count": 13,
    "type_of_cover": "dutch",
    "circulation": 3442,
    "age_limit": 16,
    "image": "book_covers/3035026-2.jpg",
    "description": "Успокоиться научить вытаскивать провинция привлекать прошептать намерение экзамен поймать интеллектуальный правый.",
    "slug": "duratskij-pesenka-466"
  }
},
{
  "model": "shop.bookinfo",
  "pk": 467,
  "fields": {
    "book": 25,
    "price": "7833",
    "publisher": 1,
    "publication_year": 1957,
    "series": 2,
    "isbn": "978-0-7783-8921-7",
    "page_count": 787,
    "type_of_cover": "hard",
    "circulation": 6783,
    "age_limit": 0,
    "image": "book_covers/3032160-3.jpg",
    "description": "Триста социалистический правый солнце смеяться металл.",
    "slug": "pol-467"
  }
},
{
  "model": "shop.bookinfo",
  "pk": 468,
  "fields": {
    "book": 33,
    "price": "2151",
    "publisher": 1,
    "publication_year": 1973,
    "series": 4,
    "isbn": "978-0-326-86389-3",
    "page_count": 687,
    "type_of_cover": "dutch",
    "circulation": 1861,
    "age_limit": 6,
    "image": "book_covers/3032160-3.jpg",
    "description": "Дошлый уточнить задержать магазин опасность вперед смертельный тесно упор опасность вскакивать дальний.",
    "slug": "vozmozhno-468"
  }
},
{
  "model": "shop.bookinfo",
  "pk": 469,
  "fields": {
    "book": 38,
    "price": "8439",
    "publisher": 1,
    "publication_year": 2002,
    "series": 3,
    "isbn": "978-0-247-99870-4",
    "page_count": 516,
    "type_of_cover": "hard",
    "circulation": 8922,
    "age_limit": 16,
    "image": "book_covers/3035026-2.jpg",
    "description": "Выраженный карман господь достоинство вздрогнуть темнеть мягкий торговля падаль результат кольцо вариант цель.",
    "slug": "uchenyij-469"
  }
},
{
  "model": "shop.bookinfo",
  "pk": 470,
  "fields": {
    "book": 26,
    "price": "3469",
    "publisher": 1,
    "publication_year": 2003,
    "series": 1,
    "isbn": "978-0-419-88664-8",
    "page_count": 767,
    "type_of_cover": "dutch",
    "circulation": 5804,
    "age_limit": 16,
    "image": "book_covers/3033397-3.jpg",
    "description": "Коричневый очередной некоторый дальний вряд бок.",
    "slug": "zhitel-470"
  }
},
{
  "model": "shop.bookinfo",
  "pk": 471,
  "fields": {
    "book": 3,
    "price": "6238",
    "publisher": 3,
    "publication_year": 1965,
    "series": 1,
    "isbn": "978-1-4436-2004-8",
    "page_count": 606,
    "type_of_cover": "dutch",
    "circulation": 5582,
    "age_limit": 0,
    "image": "book_covers/3028807-1.jpg",
    "description": "Порода сохранять тысяча четыре теория вскинуть естественный космос приятель советовать головка трубка.",
    "slug": "ugroza-471"
  }
},
{
  "model": "shop.bookinfo",
  "pk": 472,
  "fields": {
    "book": 25,
    "price": "7432",
    "publisher": 1,
    "publication_year": 1969,
    "series": 4,
    "isbn": "978-0-7234-7075-5",
    "page_count": 576,
    "type_of_cover": "dutch",
    "circulation": 4956,
    "age_limit": 18,
    "image": "book_covers/3031310-2.jpg",
    "description": "Оставить угроза дальний спорт юный неожиданно.",
    "slug": "pol-472"
  }
},
{
  "model": "shop.bookinfo",
  "pk": 473,
  "fields": {
    "book": 39,
    "price": "5406",
    "publisher": 2,
    "publication_year": 2004,
    "series": 2,
    "isbn": "978-0-85811-589-7",
    "page_count": 455,
    "type_of_cover": "hard",
    "circulation": 4981,
    "age_limit": 12,
    "image": "book_covers/2965154-5.jpg",
    "description": "Очередной ученый неправда тревога господь бригада коммунизм торопливый рота холодно анализ.",
    "slug": "uporno-473"
  }
},
{
  "model": "shop.bookinfo",
  "pk": 474,
  "fields": {
    "book": 35,
    "price": "714",
    "publisher": 2,
    "publication_year": 2010,
    "series": 5,
    "isbn": "978-1-01-952941-6",
    "page_count": 189,
    "type_of_cover": "dutch",
    "circulation": 6686,
    "age_limit": 18,
    "image": "book_covers/3032160-3.jpg",
    "description": "Передо основание точно господь одиннадцать увеличиваться бетонный лапа эффект написать.",
    "slug": "musor-474"
  }
},
{
  "model": "shop.bookinfo",
  "pk": 475,
  "fields": {
    "book": 30,
    "price": "5142",
    "publisher": 2,
    "publication_year": 1965,
    "series": 2,
    "isbn": "978-1-79749-733-4",
    "page_count": 580,
    "type_of_cover": "hard",
    "circulation": 8285,
    "age_limit": 12,
    "image": "book_covers/3031310-2.jpg",
    "description": "Торопливый пасть бегать промолчать тюрьма тусклый.",
    "slug": "polyubit-475"
  }
},
{
  "model": "shop.bookinfo",
  "pk": 476,
  "fields": {
    "book": 13,
    "price": "4618",
    "publisher": 1,
    "publication_year": 1972,
    "series": 4,
    "isbn": "978-1-130-45267-9",
    "page_count": 942,
    "type_of_cover": "soft",
    "circulation": 644,
    "age_limit": 18,
    "image": "book_covers/3032160-3.jpg",
    "description": "Госпожа выразить советовать бригада заведение изображать за.",
    "slug": "nazhat-476"
  }
},
{
  "model": "shop.bookinfo",
  "pk": 477,
  "fields": {
    "book": 17,
    "price": "8166",
    "publisher": 3,
    "publication_year": 1917,
    "series": 3,
    "isbn": "978-0-938313-82-3",
    "page_count": 314,
    "type_of_cover": "hard",
    "circulation": 3597,
    "age_limit": 6,
    "image": "book_covers/3028807-1.jpg",
    "description": "Пятеро мальчишка оставить решетка появление славный кпсс.",
    "slug": "nozh-477"
  }
},
{
  "model": "shop.bookinfo",
  "pk": 478,
  "fields": {
    "book": 3,
    "price": "176",
    "publisher": 3,
    "publication_year": 1977,
    "series": 4,
    "isbn": "978-1-64715-128-7",
    "page_count": 621,
    "type_of_cover": "dutch",
    "circulation": 4879,
    "age_limit": 18,
    "image": "book_covers/3033397-3.jpg",
    "description": "Расстегнуть зима возбуждение багровый рота слать какой тута издали дыхание грустный мелочь.",
    "slug": "ugroza-478"
  }
},
{
  "model": "shop.bookinfo",
  "pk": 479,
  "fields": {
    "book": 25,
    "price": "2771",
    "publisher": 3,
    "publication_year": 1936,
    "series": 2,
    "isbn": "978-0-8171-5534-6",
    "page_count": 620,
    "type_of_cover": "hard",
    "circulation": 1065,
    "age_limit": 12,
    "image": "book_covers/3035026-2.jpg",
    "description": "Невозможно советовать недостаток единый порядок пространство.",
    "slug": "pol-479"
  }
},
{
  "model": "shop.bookinfo",
  "pk": 480,
  "fields": {
    "book": 21,
    "price": "6594",
    "publisher": 2,
    "publication_year": 2024,
    "series": 2,
    "isbn": "978-1-84974-815-5",
    "page_count": 291,
    "type_of_cover": "hard",
    "circulation": 9440,
    "age_limit": 18,
    "image": "book_covers/3028807-1.jpg",
    "description": "Материя ягода процесс следовательно страсть смеяться миф кузнец.",
    "slug": "tovar-chetyire-480"
  }
},
{
  "model": "shop.bookinfo",
  "pk": 481,
  "fields": {
    "book": 36,
    "price": "6008",
    "publisher": 3,
    "publication_year": 1958,
    "series": 2,
    "isbn": "978-1-875195-80-0",
    "page_count": 561,
    "type_of_cover": "soft",
    "circulation": 3208,
    "age_limit": 0,
    "image": "book_covers/2965154-5.jpg",
    "description": "Вскинуть домашний второй единый спичка прошептать.",
    "slug": "prezhnij-ruchej-481"
  }
},
{
  "model": "shop.bookinfo",
  "pk": 482,
  "fields": {
    "book": 16,
    "price": "2847",
    "publisher": 3,
    "publication_year": 1989,
    "series": 2,
    "isbn": "978-0-225-86194-5",
    "page_count": 539,
    "type_of_cover": "hard",
    "circulation": 520,
    "age_limit": 6,
    "image": "book_covers/3026271-2.jpg",
    "description": "Тюрьма ленинград увеличиваться аж спорт провал левый спалить очутиться дружно райком функция тута.",
    "slug": "gorkij-vstat-482"
  }
},
{
  "model": "shop.bookinfo",
  "pk": 483,
  "fields": {
    "book": 33,
    "price": "627",
    "publisher": 2,
    "publication_year": 1947,
    "series": 4,
    "isbn": "978-1-59473-080-1",
    "page_count": 533,
    "type_of_cover": "soft",
    "circulation": 6619,
    "age_limit": 12,
    "image": "book_covers/3035026-2.jpg",
    "description": "Висеть сверкать слишком слишком назначить теория парень призыв ставить хозяйка низкий выбирать приятель.",
    "slug": "vozmozhno-483"
  }
},
{
  "model": "shop.bookinfo",
  "pk": 484,
  "fields": {
    "book": 39,
    "price": "4242",
    "publisher": 2,
    "publication_year": 1960,
    "series": 4,
    "isbn": "978-0-11-609018-8",
    "page_count": 974,
    "type_of_cover": "hard",
    "circulation": 7594,
    "age_limit": 16,
    "image": "book_covers/3035026-2.jpg",
    "description": "Научить применяться нервно механический горький лапа конструкция при каюта светило сутки стакан изба.",
    "slug": "uporno-484"
  }
},
{
  "model": "shop.bookinfo",
  "pk": 485,
  "fields": {
    "book": 25,
    "price": "2534",
    "publisher": 1,
    "publication_year": 1982,
    "series": 5,
    "isbn": "978-1-956663-43-3",
    "page_count": 681,
    "type_of_cover": "soft",
    "circulation": 2737,
    "age_limit": 16,
    "image": "book_covers/3024677-2.jpg",
    "description": "Рота левый магазин командир мимо полевой.",
    "slug": "pol-485"
  }
},
{
  "model": "shop.bookinfo",
  "pk": 486,
  "fields": {
    "book": 14,
    "price": "8205",
    "publisher": 2,
    "publication_year": 1982,
    "series": 4,
    "isbn": "978-1-4534-0944-2",
    "page_count": 600,
    "type_of_cover": "soft",
    "circulation": 2870,
    "age_limit": 6,
    "image": "book_covers/3033397-3.jpg",
    "description": "Чувство заявление реклама рот премьера покидать труп.",
    "slug": "duratskij-pesenka-486"
  }
},
{
  "model": "shop.bookinfo",
  "pk": 487,
  "fields": {
    "book": 15,
    "price": "9036",
    "publisher": 1,
    "publication_year": 2004,
    "series": 3,
    "isbn": "978-0-02-191104-2",
    "page_count": 711,
    "type_of_cover": "hard",
    "circulation": 1164,
    "age_limit": 12,
    "image": "book_covers/3024677-2.jpg",
    "description": "Эпоха оборот смеяться некоторый предоставить неожиданно около подземный эффект.",
    "slug": "tabak-propaganda-487"
  }
},
{
  "model": "shop.bookinfo",
  "pk": 488,
  "fields": {
    "book": 26,
    "price": "2301",
    "publisher": 3,
    "publication_year": 2010,
    "series": 1,
    "isbn": "978-0-08-129547-2",
    "page_count": 727,
    "type_of_cover": "soft",
    "circulation": 4863,
    "age_limit": 18,
    "image": "book_covers/3033397-3.jpg",
    "description": "Коммунизм низкий сомнительный спорт июнь виднеться мелочь.",
    "slug": "zhitel-488"
  }
},
{
  "model": "shop.bookinfo",
  "pk": 489,
  "fields": {
    "book": 13,
    "price": "4259",
    "publisher": 2,
    "publication_year": 1937,
    "series": 2,
    "isbn": "978-1-5063-0112-9",
    "page_count": 370,
    "type_of_cover": "dutch",
    "circulation": 6914,
    "age_limit": 6,
    "image": "book_covers/3024677-2.jpg",
    "description": "Выраженный налоговый изучить собеседник посидеть картинка помолчать бригада ломать войти цель правый.",
    "slug": "nazhat-489"
  }
},
{
  "model": "shop.bookinfo",
  "pk": 490,
  "fields": {
    "book": 14,
    "price": "2448",
    "publisher": 1,
    "publication_year": 1901,
    "series": 4,
    "isbn": "978-0-607-42051-7",
    "page_count": 808,
    "type_of_cover": "soft",
    "circulation": 6120,
    "age_limit": 16,
    "image": "book_covers/2965154-5.jpg",
    "description": "Развернуться ведь ночь пропадать холодно выкинуть салон уточнить райком нож советовать солнце налоговый кпсс.",
    "slug": "duratskij-pesenka-490"
  }
},
{
  "model": "shop.bookinfo",
  "pk": 491,
  "fields": {
    "book": 22,
    "price": "9704",
    "publisher": 2,
    "publication_year": 2011,
    "series": 5,
    "isbn": "978-1-960019-75-2",
    "page_count": 613,
    "type_of_cover": "soft",
    "circulation": 1147,
    "age_limit": 18,
    "image": "book_covers/3024677-2.jpg",
    "description": "Бабочка вчера спасть присесть июнь дрогнуть отдел волк магазин присесть порода указанный.",
    "slug": "blizko-analiz-491"
  }
},
{
  "model": "shop.bookinfo",
  "pk": 492,
  "fields": {
    "book": 24,
    "price": "5041",
    "publisher": 2,
    "publication_year": 2001,
    "series": 4,
    "isbn": "978-0-304-50505-0",
    "page_count": 261,
    "type_of_cover": "hard",
    "circulation": 676,
    "age_limit": 12,
    "image": "book_covers/3036791-1.jpg",
    "description": "Следовательно актриса пища трубка штаб песня упорно зачем выраженный порода научить.",
    "slug": "betonnyij-492"
  }
},
{
  "model": "shop.bookinfo",
  "pk": 493,
  "fields": {
    "book": 28,
    "price": "2235",
    "publisher": 3,
    "publication_year": 2009,
    "series": 1,
    "isbn": "978-0-89554-460-5",
    "page_count": 77,
    "type_of_cover": "hard",
    "circulation": 9753,
    "age_limit": 6,
    "image": "book_covers/3031310-2.jpg",
    "description": "Умолять кузнец смелый естественный скользить решение спорт сбросить выгнать жить человечек.",
    "slug": "vyirazit-plod-493"
  }
},
{
  "model": "shop.bookinfo",
  "pk": 494,
  "fields": {
    "book": 5,
    "price": "7849",
    "publisher": 1,
    "publication_year": 2023,
    "series": 3,
    "isbn": "978-0-17-378553-9",
    "page_count": 686,
    "type_of_cover": "dutch",
    "circulation": 6397,
    "age_limit": 6,
    "image": "book_covers/3032160-3.jpg",
    "description": "Правильный юный слать что ремень лететь перебивать дорогой домашний сверкать беспомощный хлеб.",
    "slug": "banda-494"
  }
},
{
  "model": "shop.bookinfo",
  "pk": 495,
  "fields": {
    "book": 3,
    "price": "2411",
    "publisher": 2,
    "publication_year": 1997,
    "series": 1,
    "isbn": "978-1-892501-23-3",
    "page_count": 997,
    "type_of_cover": "dutch",
    "circulation": 1295,
    "age_limit": 12,
    "image": "book_covers/3032160-3.jpg",
    "description": "Коробка жидкий дремать неожиданно разуметься потрясти разуметься передо торопливый второй изба.",
    "slug": "ugroza-495"
  }
},
{
  "model": "shop.bookinfo",
  "pk": 496,
  "fields": {
    "book": 24,
    "price": "7610",
    "publisher": 3,
    "publication_year": 1960,
    "series": 5,
    "isbn": "978-1-337-16661-4",
    "page_count": 270,
    "type_of_cover": "dutch",
    "circulation": 4307,
    "age_limit": 18,
    "image": "book_covers/3026271-2.jpg",
    "description": "Заявление основание бочок более жидкий еврейский монета монета скользить развитый видимо важный.",
    "slug": "betonnyij-496"
  }
},
{
  "model": "shop.bookinfo",
  "pk": 497,
  "fields": {
    "book": 23,
    "price": "9535",
    "publisher": 1,
    "publication_year": 1910,
    "series": 3,
    "isbn": "978-1-103-68521-9",
    "page_count": 480,
    "type_of_cover": "hard",
    "circulation": 666,
    "age_limit": 16,
    "image": "book_covers/3028807-1.jpg",
    "description": "Народ инструкция плод командир темнеть поговорить скользить пробовать аж очередной.",
    "slug": "chem-497"
  }
},
{
  "model": "shop.bookinfo",
  "pk": 498,
  "fields": {
    "book": 33,
    "price": "174",
    "publisher": 3,
    "publication_year": 2015,
    "series": 5,
    "isbn": "978-1-5415-9993-2",
    "page_count": 945,
    "type_of_cover": "hard",
    "circulation": 2632,
    "age_limit": 16,
    "image": "book_covers/3036791-1.jpg",
    "description": "Потянуться коллектив рис совещание блин бровь виднеться.",
    "slug": "vozmozhno-498"
  }
},
{
  "model": "shop.bookinfo",
  "pk": 499,
  "fields": {
    "book": 27,
    "price": "9467",
    "publisher": 1,
    "publication_year": 1945,
    "series": 5,
    "isbn": "978-0-288-09392-5",
    "page_count": 456,
    "type_of_cover": "hard",
    "circulation": 1099,
    "age_limit": 0,
    "image": "book_covers/2965154-5.jpg",
    "description": "Сынок вздрагивать оставить конференция команда нервно бровь салон передо новый невыносимый процесс зеленый.",
    "slug": "svezhij-pomimo-499"
  }
},
{
  "model": "shop.bookinfo",
  "pk": 500,
  "fields": {
    "book": 29,
    "price": "4642",
    "publisher": 2,
    "publication_year": 1959,
    "series": 2,
    "isbn": "978-0-16-036197-5",
    "page_count": 510,
    "type_of_cover": "soft",
    "circulation": 9254,
    "age_limit": 16,
    "image": "book_covers/3029817-3.jpg",
    "description": "Написать развернуться академик покидать второй реклама даль посвятить.",
    "slug": "manera-doshlyij-500"
  }
},
{
  "model": "shop.bookinfo",
  "pk": 501,
  "fields": {
    "book": 12,
    "price": "123",
    "publisher": 1,
    "publication_year": 1982,
    "series": 4,
    "isbn": "978-1-05-434070-0",
    "page_count": 869,
    "type_of_cover": "dutch",
    "circulation": 3319,
    "age_limit": 12,
    "image": "book_covers/2965154-5.jpg",
    "description": "Дальний ягода цвет школьный провал деловой сохранять тревога рот оставить домашний зато опасность.",
    "slug": "zayavlenie-kpss-501"
  }
},
{
  "model": "shop.bookinfo",
  "pk": 502,
  "fields": {
    "book": 24,
    "price": "824",
    "publisher": 3,
    "publication_year": 1947,
    "series": 1,
    "isbn": "978-1-379-91635-2",
    "page_count": 744,
    "type_of_cover": "soft",
    "circulation": 3028,
    "age_limit": 18,
    "image": "book_covers/3028807-1.jpg",
    "description": "Человечек один уточнить а мальчишка цепочка наступать отъезд.",
    "slug": "betonnyij-502"
  }
},
{
  "model": "shop.bookinfo",
  "pk": 503,
  "fields": {
    "book": 9,
    "price": "8967",
    "publisher": 2,
    "publication_year": 1961,
    "series": 1,
    "isbn": "978-0-546-74799-7",
    "page_count": 480,
    "type_of_cover": "hard",
    "circulation": 391,
    "age_limit": 16,
    "image": "book_covers/3029817-3.jpg",
    "description": "Миг район степь руководитель пересечь пространство экзамен засунуть слать исполнять триста девка забирать.",
    "slug": "uslat-komandir-503"
  }
},
{
  "model": "shop.bookinfo",
  "pk": 504,
  "fields": {
    "book": 27,
    "price": "8656",
    "publisher": 3,
    "publication_year": 1927,
    "series": 3,
    "isbn": "978-0-917091-12-4",
    "page_count": 728,
    "type_of_cover": "soft",
    "circulation": 657,
    "age_limit": 18,
    "image": "book_covers/2965154-5.jpg",
    "description": "Идея идея слишком песня монета песенка сравнение.",
    "slug": "svezhij-pomimo-504"
  }
},
{
  "model": "shop.bookinfo",
  "pk": 505,
  "fields": {
    "book": 2,
    "price": "5323",
    "publisher": 3,
    "publication_year": 1914,
    "series": 1,
    "isbn": "978-1-931847-18-6",
    "page_count": 565,
    "type_of_cover": "hard",
    "circulation": 9161,
    "age_limit": 16,
    "image": "book_covers/2965154-5.jpg",
    "description": "Редактор актриса сынок четыре палец пастух заложить вряд жить привлекать.",
    "slug": "polnostyu-zhestokij-505"
  }
},
{
  "model": "shop.bookinfo",
  "pk": 506,
  "fields": {
    "book": 17,
    "price": "224",
    "publisher": 2,
    "publication_year": 1998,
    "series": 1,
    "isbn": "978-1-874663-39-3",
    "page_count": 86,
    "type_of_cover": "dutch",
    "circulation": 2583,
    "age_limit": 18,
    "image": "book_covers/3036791-1.jpg",
    "description": "Пересечь дружно заявление блин песня палец бетонный падать.",
    "slug": "nozh-506"
  }
},
{
  "model": "shop.bookinfo",
  "pk": 507,
  "fields": {
    "book": 3,
    "price": "5608",
    "publisher": 1,
    "publication_year": 1970,
    "series": 2,
    "isbn": "978-1-918599-91-6",
    "page_count": 22,
    "type_of_cover": "soft",
    "circulation": 5841,
    "age_limit": 16,
    "image": "book_covers/3033397-3.jpg",
    "description": "Покидать решение песенка бабочка выраженный цепочка отъезд вряд песня кпсс.",
    "slug": "ugroza-507"
  }
},
{
  "model": "shop.bookinfo",
  "pk": 508,
  "fields": {
    "book": 25,
    "price": "8722",
    "publisher": 1,
    "publication_year": 1942,
    "series": 3,
    "isbn": "978-0-8355-2424-7",
    "page_count": 581,
    "type_of_cover": "soft",
    "circulation": 9432,
    "age_limit": 6,
    "image": "book_covers/3036791-1.jpg",
    "description": "Что нож прелесть что инвалид роса второй некоторый.",
    "slug": "pol-508"
  }
},
{
  "model": "shop.bookinfo",
  "pk": 509,
  "fields": {
    "book": 28,
    "price": "6941",
    "publisher": 3,
    "publication_year": 2001,
    "series": 5,
    "isbn": "978-0-355-25448-8",
    "page_count": 209,
    "type_of_cover": "hard",
    "circulation": 6591,
    "age_limit": 16,
    "image": "book_covers/3028807-1.jpg",
    "description": "Тревога прежний песня юный карман дорогой ленинград затянуться порт полоска страсть домашний.",
    "slug": "vyirazit-plod-509"
  }
},
{
  "model": "shop.bookinfo",
  "pk": 510,
  "fields": {
    "book": 19,
    "price": "7045",
    "publisher": 2,
    "publication_year": 1980,
    "series": 1,
    "isbn": "978-1-298-63180-0",
    "page_count": 620,
    "type_of_cover": "dutch",
    "circulation": 6789,
    "age_limit": 18,
    "image": "book_covers/3024677-2.jpg",
    "description": "Вздрогнуть выражение разнообразный расстегнуть налево появление.",
    "slug": "kozha-holodno-510"
  }
}
]
