[
{
  "model": "shop.author",
  "pk": 1,
  "fields": {
    "first_name": "Эраст",
    "last_name": "Соколова"
  }
},
{
  "model": "shop.author",
  "pk": 2,
  "fields": {
    "first_name": "Панкрат",
    "last_name": "Павлова"
  }
},
{
  "model": "shop.author",
  "pk": 3,
  "fields": {
    "first_name": "Рюрик",
    "last_name": "Петров"
  }
},
{
  "model": "shop.author",
  "pk": 4,
  "fields": {
    "first_name": "Платон",
    "last_name": "Ширяев"
  }
},
{
  "model": "shop.author",
  "pk": 5,
  "fields": {
    "first_name": "Фортунат",
    "last_name": "Шарова"
  }
},
{
  "model": "shop.author",
  "pk": 6,
  "fields": {
    "first_name": "Ферапонт",
    "last_name": "Беляева"
  }
},
{
  "model": "shop.author",
  "pk": 7,
  "fields": {
    "first_name": "Сократ",
    "last_name": "Копылова"
  }
},
{
  "model": "shop.author",
  "pk": 8,
  "fields": {
    "first_name": "Жанна",
    "last_name": "Лапин"
  }
},
{
  "model": "shop.author",
  "pk": 9,
  "fields": {
    "first_name": "Ипполит",
    "last_name": "Пахомов"
  }
},
{
  "model": "shop.author",
  "pk": 10,
  "fields": {
    "first_name": "Семен",
    "last_name": "Тихонов"
  }
},
{
  "model": "shop.book",
  "pk": 251,
  "fields": {
    "name": "Единый.",
    "category": 9
  }
},
{
  "model": "shop.book",
  "pk": 252,
  "fields": {
    "name": "Полностью.",
    "category": 3
  }
},
{
  "model": "shop.book",
  "pk": 253,
  "fields": {
    "name": "Волк через.",
    "category": 7
  }
},
{
  "model": "shop.book",
  "pk": 254,
  "fields": {
    "name": "Наслаждение встать.",
    "category": 9
  }
},
{
  "model": "shop.book",
  "pk": 255,
  "fields": {
    "name": "Гулять вздрогнуть.",
    "category": 14
  }
},
{
  "model": "shop.book",
  "pk": 256,
  "fields": {
    "name": "Пасть экзамен.",
    "category": 14
  }
},
{
  "model": "shop.book",
  "pk": 257,
  "fields": {
    "name": "Адвокат терапия.",
    "category": 8
  }
},
{
  "model": "shop.book",
  "pk": 258,
  "fields": {
    "name": "Приходить трясти.",
    "category": 2
  }
},
{
  "model": "shop.book",
  "pk": 259,
  "fields": {
    "name": "Валюта скрытый.",
    "category": 14
  }
},
{
  "model": "shop.book",
  "pk": 260,
  "fields": {
    "name": "Природа.",
    "category": 9
  }
},
{
  "model": "shop.book",
  "pk": 261,
  "fields": {
    "name": "Совещание казнь.",
    "category": 14
  }
},
{
  "model": "shop.book",
  "pk": 262,
  "fields": {
    "name": "Волк поговорить.",
    "category": 10
  }
},
{
  "model": "shop.book",
  "pk": 263,
  "fields": {
    "name": "Металл.",
    "category": 10
  }
},
{
  "model": "shop.book",
  "pk": 264,
  "fields": {
    "name": "Мягкий пламя.",
    "category": 10
  }
},
{
  "model": "shop.book",
  "pk": 265,
  "fields": {
    "name": "Монета блин.",
    "category": 7
  }
},
{
  "model": "shop.book",
  "pk": 266,
  "fields": {
    "name": "Пламя правильный.",
    "category": 9
  }
},
{
  "model": "shop.book",
  "pk": 267,
  "fields": {
    "name": "Инфекция.",
    "category": 8
  }
},
{
  "model": "shop.book",
  "pk": 268,
  "fields": {
    "name": "Деловой космос.",
    "category": 9
  }
},
{
  "model": "shop.book",
  "pk": 269,
  "fields": {
    "name": "Костер.",
    "category": 9
  }
},
{
  "model": "shop.book",
  "pk": 270,
  "fields": {
    "name": "Точно песня.",
    "category": 6
  }
},
{
  "model": "shop.book",
  "pk": 271,
  "fields": {
    "name": "Новый.",
    "category": 1
  }
},
{
  "model": "shop.book",
  "pk": 272,
  "fields": {
    "name": "Прежний.",
    "category": 14
  }
},
{
  "model": "shop.book",
  "pk": 273,
  "fields": {
    "name": "Слать возникновение.",
    "category": 6
  }
},
{
  "model": "shop.book",
  "pk": 274,
  "fields": {
    "name": "Холодно.",
    "category": 14
  }
},
{
  "model": "shop.book",
  "pk": 275,
  "fields": {
    "name": "Страсть сходить.",
    "category": 7
  }
},
{
  "model": "shop.book",
  "pk": 276,
  "fields": {
    "name": "Решетка неудобно.",
    "category": 1
  }
},
{
  "model": "shop.book",
  "pk": 277,
  "fields": {
    "name": "Советовать советовать.",
    "category": 10
  }
},
{
  "model": "shop.book",
  "pk": 278,
  "fields": {
    "name": "Легко страсть.",
    "category": 3
  }
},
{
  "model": "shop.book",
  "pk": 279,
  "fields": {
    "name": "Совещание.",
    "category": 8
  }
},
{
  "model": "shop.book",
  "pk": 280,
  "fields": {
    "name": "Неожиданно мягкий.",
    "category": 10
  }
},
{
  "model": "shop.book",
  "pk": 281,
  "fields": {
    "name": "Степь.",
    "category": 7
  }
},
{
  "model": "shop.book",
  "pk": 282,
  "fields": {
    "name": "Головка.",
    "category": 10
  }
},
{
  "model": "shop.book",
  "pk": 283,
  "fields": {
    "name": "Сверкать тревога.",
    "category": 15
  }
},
{
  "model": "shop.book",
  "pk": 284,
  "fields": {
    "name": "Эпоха инвалид.",
    "category": 1
  }
},
{
  "model": "shop.book",
  "pk": 285,
  "fields": {
    "name": "Неожиданно ставить.",
    "category": 10
  }
},
{
  "model": "shop.book",
  "pk": 286,
  "fields": {
    "name": "Страсть бабочка.",
    "category": 8
  }
},
{
  "model": "shop.book",
  "pk": 287,
  "fields": {
    "name": "Выдержать.",
    "category": 7
  }
},
{
  "model": "shop.book",
  "pk": 288,
  "fields": {
    "name": "Шлем оборот.",
    "category": 3
  }
},
{
  "model": "shop.book",
  "pk": 289,
  "fields": {
    "name": "Указанный провинция.",
    "category": 6
  }
},
{
  "model": "shop.book",
  "pk": 290,
  "fields": {
    "name": "Возможно.",
    "category": 1
  }
},
{
  "model": "shop.bookauthor",
  "pk": 51,
  "fields": {
    "book": 270,
    "author": 6
  }
},
{
  "model": "shop.bookauthor",
  "pk": 52,
  "fields": {
    "book": 276,
    "author": 2
  }
},
{
  "model": "shop.bookauthor",
  "pk": 53,
  "fields": {
    "book": 257,
    "author": 7
  }
},
{
  "model": "shop.bookauthor",
  "pk": 54,
  "fields": {
    "book": 255,
    "author": 3
  }
},
{
  "model": "shop.bookauthor",
  "pk": 56,
  "fields": {
    "book": 261,
    "author": 9
  }
},
{
  "model": "shop.bookauthor",
  "pk": 57,
  "fields": {
    "book": 265,
    "author": 10
  }
},
{
  "model": "shop.bookauthor",
  "pk": 58,
  "fields": {
    "book": 261,
    "author": 5
  }
},
{
  "model": "shop.bookauthor",
  "pk": 62,
  "fields": {
    "book": 259,
    "author": 8
  }
},
{
  "model": "shop.bookauthor",
  "pk": 63,
  "fields": {
    "book": 283,
    "author": 7
  }
},
{
  "model": "shop.bookauthor",
  "pk": 64,
  "fields": {
    "book": 278,
    "author": 4
  }
},
{
  "model": "shop.bookauthor",
  "pk": 66,
  "fields": {
    "book": 282,
    "author": 6
  }
},
{
  "model": "shop.bookauthor",
  "pk": 72,
  "fields": {
    "book": 260,
    "author": 8
  }
},
{
  "model": "shop.bookauthor",
  "pk": 73,
  "fields": {
    "book": 266,
    "author": 2
  }
},
{
  "model": "shop.bookauthor",
  "pk": 74,
  "fields": {
    "book": 284,
    "author": 5
  }
},
{
  "model": "shop.bookauthor",
  "pk": 78,
  "fields": {
    "book": 277,
    "author": 6
  }
},
{
  "model": "shop.bookauthor",
  "pk": 81,
  "fields": {
    "book": 277,
    "author": 6
  }
},
{
  "model": "shop.bookauthor",
  "pk": 83,
  "fields": {
    "book": 254,
    "author": 9
  }
},
{
  "model": "shop.bookauthor",
  "pk": 86,
  "fields": {
    "book": 263,
    "author": 2
  }
},
{
  "model": "shop.bookauthor",
  "pk": 87,
  "fields": {
    "book": 252,
    "author": 6
  }
},
{
  "model": "shop.bookauthor",
  "pk": 91,
  "fields": {
    "book": 273,
    "author": 5
  }
},
{
  "model": "shop.bookauthor",
  "pk": 92,
  "fields": {
    "book": 258,
    "author": 5
  }
},
{
  "model": "shop.bookauthor",
  "pk": 95,
  "fields": {
    "book": 287,
    "author": 2
  }
},
{
  "model": "shop.bookauthor",
  "pk": 96,
  "fields": {
    "book": 275,
    "author": 9
  }
},
{
  "model": "shop.bookauthor",
  "pk": 97,
  "fields": {
    "book": 273,
    "author": 5
  }
},
{
  "model": "shop.bookauthor",
  "pk": 98,
  "fields": {
    "book": 253,
    "author": 1
  }
},
{
  "model": "shop.bookauthor",
  "pk": 102,
  "fields": {
    "book": 267,
    "author": 8
  }
},
{
  "model": "shop.bookauthor",
  "pk": 105,
  "fields": {
    "book": 280,
    "author": 10
  }
},
{
  "model": "shop.bookauthor",
  "pk": 107,
  "fields": {
    "book": 258,
    "author": 9
  }
},
{
  "model": "shop.bookauthor",
  "pk": 109,
  "fields": {
    "book": 252,
    "author": 8
  }
},
{
  "model": "shop.bookauthor",
  "pk": 112,
  "fields": {
    "book": 262,
    "author": 2
  }
},
{
  "model": "shop.bookauthor",
  "pk": 116,
  "fields": {
    "book": 274,
    "author": 4
  }
},
{
  "model": "shop.bookauthor",
  "pk": 117,
  "fields": {
    "book": 264,
    "author": 3
  }
},
{
  "model": "shop.bookauthor",
  "pk": 118,
  "fields": {
    "book": 265,
    "author": 6
  }
},
{
  "model": "shop.bookauthor",
  "pk": 126,
  "fields": {
    "book": 269,
    "author": 7
  }
},
{
  "model": "shop.bookauthor",
  "pk": 129,
  "fields": {
    "book": 271,
    "author": 7
  }
},
{
  "model": "shop.bookauthor",
  "pk": 134,
  "fields": {
    "book": 256,
    "author": 5
  }
},
{
  "model": "shop.bookauthor",
  "pk": 135,
  "fields": {
    "book": 277,
    "author": 3
  }
},
{
  "model": "shop.bookauthor",
  "pk": 138,
  "fields": {
    "book": 251,
    "author": 2
  }
},
{
  "model": "shop.bookauthor",
  "pk": 139,
  "fields": {
    "book": 285,
    "author": 6
  }
},
{
  "model": "shop.bookauthor",
  "pk": 140,
  "fields": {
    "book": 253,
    "author": 3
  }
},
{
  "model": "shop.bookauthor",
  "pk": 141,
  "fields": {
    "book": 268,
    "author": 5
  }
},
{
  "model": "shop.bookauthor",
  "pk": 142,
  "fields": {
    "book": 272,
    "author": 7
  }
},
{
  "model": "shop.bookauthor",
  "pk": 144,
  "fields": {
    "book": 286,
    "author": 4
  }
},
{
  "model": "shop.bookauthor",
  "pk": 146,
  "fields": {
    "book": 281,
    "author": 4
  }
},
{
  "model": "shop.bookauthor",
  "pk": 147,
  "fields": {
    "book": 279,
    "author": 8
  }
},
{
  "model": "shop.bookauthor",
  "pk": 149,
  "fields": {
    "book": 265,
    "author": 8
  }
},
{
  "model": "shop.bookauthor",
  "pk": 151,
  "fields": {
    "book": 288,
    "author": 10
  }
},
{
  "model": "shop.bookauthor",
  "pk": 152,
  "fields": {
    "book": 289,
    "author": 1
  }
},
{
  "model": "shop.bookauthor",
  "pk": 153,
  "fields": {
    "book": 290,
    "author": 1
  }
},
{
  "model": "shop.publisher",
  "pk": 1,
  "fields": {
    "name": "Морозов Групп"
  }
},
{
  "model": "shop.publisher",
  "pk": 2,
  "fields": {
    "name": "Компания Луис Дрейфус Восток (Louis Dreyfus)"
  }
},
{
  "model": "shop.publisher",
  "pk": 3,
  "fields": {
    "name": "ООО «Емельянов»"
  }
},
{
  "model": "shop.publisher",
  "pk": 4,
  "fields": {
    "name": "Тетра Пак (Tetra Pak)"
  }
},
{
  "model": "shop.publisher",
  "pk": 5,
  "fields": {
    "name": "ОАО «Хохлова»"
  }
},
{
  "model": "shop.series",
  "pk": 1,
  "fields": {
    "name": "Пропаганда рис."
  }
},
{
  "model": "shop.series",
  "pk": 2,
  "fields": {
    "name": "Правление необычный."
  }
},
{
  "model": "shop.series",
  "pk": 3,
  "fields": {
    "name": "Приличный."
  }
},
{
  "model": "shop.series",
  "pk": 4,
  "fields": {
    "name": "Сохранять кидать."
  }
},
{
  "model": "shop.series",
  "pk": 5,
  "fields": {
    "name": "Терапия."
  }
},
{
  "model": "shop.category",
  "pk": 1,
  "fields": {
    "name": "Художественная литература",
    "parent_id": null
  }
},
{
  "model": "shop.category",
  "pk": 2,
  "fields": {
    "name": "Книги на иностранных языках",
    "parent_id": null
  }
},
{
  "model": "shop.category",
  "pk": 3,
  "fields": {
    "name": "Кулинария",
    "parent_id": null
  }
},
{
  "model": "shop.category",
  "pk": 6,
  "fields": {
    "name": "Классическая проза",
    "parent_id": 1
  }
},
{
  "model": "shop.category",
  "pk": 7,
  "fields": {
    "name": "Фантастика. Фэнтези",
    "parent_id": 1
  }
},
{
  "model": "shop.category",
  "pk": 8,
  "fields": {
    "name": "Детектив. Триллер",
    "parent_id": 1
  }
},
{
  "model": "shop.category",
  "pk": 9,
  "fields": {
    "name": "Книги на английском языке",
    "parent_id": 2
  }
},
{
  "model": "shop.category",
  "pk": 10,
  "fields": {
    "name": "Книги на испанском языке",
    "parent_id": 2
  }
},
{
  "model": "shop.category",
  "pk": 14,
  "fields": {
    "name": "Выпечка. Десерты",
    "parent_id": 3
  }
},
{
  "model": "shop.category",
  "pk": 15,
  "fields": {
    "name": "Национальные кухни",
    "parent_id": 3
  }
},
{
  "model": "shop.bookinfo",
  "pk": 101,
  "fields": {
    "book": 262,
    "price": "1902",
    "publisher": 5,
    "publication_year": 2022,
    "series": 4,
    "isbn": "978-1-177-45592-3",
    "page_count": 436,
    "type_of_cover": "hard",
    "circulation": 6931,
    "age_limit": 18,
    "description": "Присесть оставить набор спорт спичка вообще подробность песенка обида."
  }
},
{
  "model": "shop.bookinfo",
  "pk": 102,
  "fields": {
    "book": 254,
    "price": "417",
    "publisher": 3,
    "publication_year": 1958,
    "series": 3,
    "isbn": "978-0-88846-396-8",
    "page_count": 604,
    "type_of_cover": "hard",
    "circulation": 6199,
    "age_limit": 12,
    "description": "Грустный сходить тревога развитый правильный подземный эпоха девка спешить зарплата присесть инфекция правый."
  }
},
{
  "model": "shop.bookinfo",
  "pk": 103,
  "fields": {
    "book": 279,
    "price": "4456",
    "publisher": 5,
    "publication_year": 1921,
    "series": 2,
    "isbn": "978-0-13-922939-8",
    "page_count": 367,
    "type_of_cover": "hard",
    "circulation": 5581,
    "age_limit": 18,
    "description": "Тусклый перебивать близко вывести приятель одиннадцать бочок жидкий."
  }
},
{
  "model": "shop.bookinfo",
  "pk": 104,
  "fields": {
    "book": 290,
    "price": "6705",
    "publisher": 5,
    "publication_year": 2008,
    "series": 5,
    "isbn": "978-0-8332-0416-5",
    "page_count": 267,
    "type_of_cover": "dutch",
    "circulation": 9778,
    "age_limit": 18,
    "description": "Салон достоинство головной трясти мрачно более вперед ночь выразить темнеть прелесть ремень."
  }
},
{
  "model": "shop.bookinfo",
  "pk": 105,
  "fields": {
    "book": 261,
    "price": "1425",
    "publisher": 5,
    "publication_year": 1985,
    "series": 1,
    "isbn": "978-0-933240-31-5",
    "page_count": 625,
    "type_of_cover": "dutch",
    "circulation": 1772,
    "age_limit": 0,
    "description": "Рот интернет бегать инструкция ход запретить потрясти сопровождаться порог процесс."
  }
},
{
  "model": "shop.bookinfo",
  "pk": 106,
  "fields": {
    "book": 269,
    "price": "6099",
    "publisher": 1,
    "publication_year": 1953,
    "series": 1,
    "isbn": "978-1-959684-48-0",
    "page_count": 30,
    "type_of_cover": "dutch",
    "circulation": 840,
    "age_limit": 12,
    "description": "Возбуждение лапа изменение палец интернет костер светило трясти палец второй отметить."
  }
},
{
  "model": "shop.bookinfo",
  "pk": 107,
  "fields": {
    "book": 267,
    "price": "2607",
    "publisher": 3,
    "publication_year": 1994,
    "series": 4,
    "isbn": "978-1-183-88849-4",
    "page_count": 25,
    "type_of_cover": "dutch",
    "circulation": 731,
    "age_limit": 16,
    "description": "Снимать еврейский сверкать кожа дурацкий кольцо граница."
  }
},
{
  "model": "shop.bookinfo",
  "pk": 108,
  "fields": {
    "book": 285,
    "price": "3904",
    "publisher": 5,
    "publication_year": 1983,
    "series": 3,
    "isbn": "978-1-9756-0098-3",
    "page_count": 352,
    "type_of_cover": "hard",
    "circulation": 5592,
    "age_limit": 12,
    "description": "Светило тюрьма мрачно выражаться армейский парень наслаждение идея картинка покидать избегать оставить столетие."
  }
},
{
  "model": "shop.bookinfo",
  "pk": 109,
  "fields": {
    "book": 268,
    "price": "9147",
    "publisher": 2,
    "publication_year": 1946,
    "series": 5,
    "isbn": "978-0-7526-2037-4",
    "page_count": 764,
    "type_of_cover": "hard",
    "circulation": 2830,
    "age_limit": 16,
    "description": "Увеличиваться промолчать серьезный ленинград порог миллиард."
  }
},
{
  "model": "shop.bookinfo",
  "pk": 110,
  "fields": {
    "book": 251,
    "price": "3749",
    "publisher": 1,
    "publication_year": 1918,
    "series": 2,
    "isbn": "978-1-142-39766-1",
    "page_count": 95,
    "type_of_cover": "soft",
    "circulation": 2835,
    "age_limit": 16,
    "description": "Ход господь степь достоинство еврейский анализ блин что уронить."
  }
},
{
  "model": "shop.bookinfo",
  "pk": 111,
  "fields": {
    "book": 263,
    "price": "7018",
    "publisher": 5,
    "publication_year": 2018,
    "series": 1,
    "isbn": "978-1-5091-3961-3",
    "page_count": 737,
    "type_of_cover": "dutch",
    "circulation": 2772,
    "age_limit": 18,
    "description": "Банк редактор триста дорогой ломать рабочий вскинуть."
  }
},
{
  "model": "shop.bookinfo",
  "pk": 112,
  "fields": {
    "book": 256,
    "price": "3505",
    "publisher": 1,
    "publication_year": 2004,
    "series": 2,
    "isbn": "978-1-67584-496-0",
    "page_count": 838,
    "type_of_cover": "dutch",
    "circulation": 4299,
    "age_limit": 12,
    "description": "Исследование нервно ночь сутки рот карандаш волк кожа."
  }
},
{
  "model": "shop.bookinfo",
  "pk": 113,
  "fields": {
    "book": 286,
    "price": "8520",
    "publisher": 1,
    "publication_year": 2016,
    "series": 4,
    "isbn": "978-1-71498-011-6",
    "page_count": 220,
    "type_of_cover": "soft",
    "circulation": 724,
    "age_limit": 16,
    "description": "Пятеро освободить слишком труп выразить приятель."
  }
},
{
  "model": "shop.bookinfo",
  "pk": 114,
  "fields": {
    "book": 287,
    "price": "6514",
    "publisher": 4,
    "publication_year": 2014,
    "series": 1,
    "isbn": "978-1-219-49846-8",
    "page_count": 721,
    "type_of_cover": "dutch",
    "circulation": 1631,
    "age_limit": 12,
    "description": "Слишком спалить головной мгновение через господь рассуждение прощение носок металл."
  }
},
{
  "model": "shop.bookinfo",
  "pk": 115,
  "fields": {
    "book": 274,
    "price": "7475",
    "publisher": 2,
    "publication_year": 1948,
    "series": 2,
    "isbn": "978-0-06-711066-9",
    "page_count": 245,
    "type_of_cover": "soft",
    "circulation": 1949,
    "age_limit": 12,
    "description": "Висеть выразить сомнительный дыхание трясти выразить."
  }
},
{
  "model": "shop.bookinfo",
  "pk": 116,
  "fields": {
    "book": 288,
    "price": "7461",
    "publisher": 3,
    "publication_year": 1990,
    "series": 3,
    "isbn": "978-1-06-216617-0",
    "page_count": 230,
    "type_of_cover": "hard",
    "circulation": 4805,
    "age_limit": 18,
    "description": "Премьера болото свежий разнообразный место лиловый новый указанный."
  }
},
{
  "model": "shop.bookinfo",
  "pk": 117,
  "fields": {
    "book": 289,
    "price": "5577",
    "publisher": 4,
    "publication_year": 1937,
    "series": 4,
    "isbn": "978-1-192-51741-5",
    "page_count": 628,
    "type_of_cover": "hard",
    "circulation": 2501,
    "age_limit": 0,
    "description": "Написать тревога космос военный выражаться ручей кидать тяжелый."
  }
},
{
  "model": "shop.bookinfo",
  "pk": 118,
  "fields": {
    "book": 263,
    "price": "823",
    "publisher": 4,
    "publication_year": 1985,
    "series": 3,
    "isbn": "978-1-83661-333-6",
    "page_count": 485,
    "type_of_cover": "soft",
    "circulation": 4418,
    "age_limit": 18,
    "description": "Солнце дорогой триста дьявол крыса да низкий заявление умолять правый ручей расстегнуть."
  }
},
{
  "model": "shop.bookinfo",
  "pk": 119,
  "fields": {
    "book": 278,
    "price": "2935",
    "publisher": 2,
    "publication_year": 2006,
    "series": 5,
    "isbn": "978-1-219-36714-6",
    "page_count": 789,
    "type_of_cover": "hard",
    "circulation": 4524,
    "age_limit": 6,
    "description": "Единый полностью подземный сустав оборот тута правление кидать дрогнуть."
  }
},
{
  "model": "shop.bookinfo",
  "pk": 120,
  "fields": {
    "book": 266,
    "price": "3972",
    "publisher": 4,
    "publication_year": 1918,
    "series": 2,
    "isbn": "978-1-888947-47-2",
    "page_count": 156,
    "type_of_cover": "hard",
    "circulation": 4216,
    "age_limit": 16,
    "description": "Успокоиться бригада хлеб пища заложить банк бабочка нож."
  }
},
{
  "model": "shop.bookinfo",
  "pk": 121,
  "fields": {
    "book": 272,
    "price": "6423",
    "publisher": 3,
    "publication_year": 1927,
    "series": 2,
    "isbn": "978-0-232-52389-8",
    "page_count": 944,
    "type_of_cover": "soft",
    "circulation": 7139,
    "age_limit": 6,
    "description": "Пересечь космос пасть художественный прощение ответить расстегнуть палка неожиданно."
  }
},
{
  "model": "shop.bookinfo",
  "pk": 122,
  "fields": {
    "book": 273,
    "price": "241",
    "publisher": 4,
    "publication_year": 2016,
    "series": 1,
    "isbn": "978-0-9721577-7-3",
    "page_count": 251,
    "type_of_cover": "soft",
    "circulation": 5655,
    "age_limit": 18,
    "description": "Успокоиться приятель инструкция добиться подземный природа сутки заложить заработать набор."
  }
},
{
  "model": "shop.bookinfo",
  "pk": 123,
  "fields": {
    "book": 281,
    "price": "7350",
    "publisher": 2,
    "publication_year": 1908,
    "series": 5,
    "isbn": "978-0-561-10671-7",
    "page_count": 208,
    "type_of_cover": "dutch",
    "circulation": 9205,
    "age_limit": 18,
    "description": "Слишком мягкий рот металл роса сынок дыхание мгновение табак падать услать."
  }
},
{
  "model": "shop.bookinfo",
  "pk": 124,
  "fields": {
    "book": 268,
    "price": "4536",
    "publisher": 5,
    "publication_year": 2001,
    "series": 4,
    "isbn": "978-1-60453-174-9",
    "page_count": 321,
    "type_of_cover": "hard",
    "circulation": 5818,
    "age_limit": 16,
    "description": "Мусор каюта дьявол белье виднеться карандаш плясать."
  }
},
{
  "model": "shop.bookinfo",
  "pk": 125,
  "fields": {
    "book": 286,
    "price": "2836",
    "publisher": 3,
    "publication_year": 2005,
    "series": 3,
    "isbn": "978-0-86158-771-1",
    "page_count": 374,
    "type_of_cover": "hard",
    "circulation": 3807,
    "age_limit": 12,
    "description": "Серьезный реклама счастье темнеть что неудобно житель обида возникновение какой."
  }
},
{
  "model": "shop.bookinfo",
  "pk": 126,
  "fields": {
    "book": 252,
    "price": "9891",
    "publisher": 1,
    "publication_year": 2022,
    "series": 3,
    "isbn": "978-1-83399-396-7",
    "page_count": 721,
    "type_of_cover": "hard",
    "circulation": 6722,
    "age_limit": 18,
    "description": "Каюта пропасть что умирать возможно важный чувство."
  }
},
{
  "model": "shop.bookinfo",
  "pk": 127,
  "fields": {
    "book": 266,
    "price": "5510",
    "publisher": 1,
    "publication_year": 1931,
    "series": 1,
    "isbn": "978-0-8257-7955-8",
    "page_count": 211,
    "type_of_cover": "hard",
    "circulation": 5389,
    "age_limit": 6,
    "description": "Степь столетие жестокий торговля лиловый миг торопливый."
  }
},
{
  "model": "shop.bookinfo",
  "pk": 128,
  "fields": {
    "book": 282,
    "price": "5412",
    "publisher": 1,
    "publication_year": 1910,
    "series": 1,
    "isbn": "978-0-87341-066-3",
    "page_count": 302,
    "type_of_cover": "soft",
    "circulation": 7748,
    "age_limit": 16,
    "description": "Налево опасность сомнительный господь понятный металл непривычный господь карман тревога мера."
  }
},
{
  "model": "shop.bookinfo",
  "pk": 129,
  "fields": {
    "book": 287,
    "price": "5764",
    "publisher": 4,
    "publication_year": 1980,
    "series": 3,
    "isbn": "978-0-366-42376-7",
    "page_count": 981,
    "type_of_cover": "dutch",
    "circulation": 7148,
    "age_limit": 18,
    "description": "Жидкий следовательно бровь бетонный правление решетка ночь фонарик вскакивать салон ручей."
  }
},
{
  "model": "shop.bookinfo",
  "pk": 130,
  "fields": {
    "book": 284,
    "price": "1750",
    "publisher": 3,
    "publication_year": 1957,
    "series": 4,
    "isbn": "978-1-350-42779-2",
    "page_count": 856,
    "type_of_cover": "hard",
    "circulation": 9556,
    "age_limit": 18,
    "description": "Теория житель наступать заведение радость о потом табак премьера дыхание приятель витрина."
  }
},
{
  "model": "shop.bookinfo",
  "pk": 131,
  "fields": {
    "book": 253,
    "price": "5741",
    "publisher": 3,
    "publication_year": 1938,
    "series": 3,
    "isbn": "978-0-472-72411-6",
    "page_count": 910,
    "type_of_cover": "hard",
    "circulation": 7379,
    "age_limit": 18,
    "description": "Порядок головка более зачем угроза наткнуться."
  }
},
{
  "model": "shop.bookinfo",
  "pk": 132,
  "fields": {
    "book": 277,
    "price": "2819",
    "publisher": 4,
    "publication_year": 2000,
    "series": 4,
    "isbn": "978-1-05-696050-0",
    "page_count": 127,
    "type_of_cover": "dutch",
    "circulation": 3776,
    "age_limit": 18,
    "description": "Деловой а танцевать плавно задержать тысяча совещание решение куча функция."
  }
},
{
  "model": "shop.bookinfo",
  "pk": 133,
  "fields": {
    "book": 257,
    "price": "6553",
    "publisher": 3,
    "publication_year": 1930,
    "series": 5,
    "isbn": "978-1-68578-629-8",
    "page_count": 49,
    "type_of_cover": "dutch",
    "circulation": 1846,
    "age_limit": 0,
    "description": "Изображать расстройство изображать налево неожиданно выбирать аж приличный порядок."
  }
},
{
  "model": "shop.bookinfo",
  "pk": 134,
  "fields": {
    "book": 266,
    "price": "3616",
    "publisher": 5,
    "publication_year": 1961,
    "series": 3,
    "isbn": "978-0-944007-91-4",
    "page_count": 273,
    "type_of_cover": "soft",
    "circulation": 6211,
    "age_limit": 0,
    "description": "Затянуться смертельный ботинок нервно актриса разуметься солнце палка прошептать лиловый лапа пропасть."
  }
},
{
  "model": "shop.bookinfo",
  "pk": 135,
  "fields": {
    "book": 260,
    "price": "9922",
    "publisher": 1,
    "publication_year": 1912,
    "series": 3,
    "isbn": "978-1-269-91606-6",
    "page_count": 817,
    "type_of_cover": "dutch",
    "circulation": 8094,
    "age_limit": 12,
    "description": "Коробка рота важный армейский голубчик падать академик прошептать монета применяться горький кожа аж."
  }
},
{
  "model": "shop.bookinfo",
  "pk": 136,
  "fields": {
    "book": 283,
    "price": "4493",
    "publisher": 3,
    "publication_year": 1912,
    "series": 3,
    "isbn": "978-0-06-459669-5",
    "page_count": 48,
    "type_of_cover": "dutch",
    "circulation": 8916,
    "age_limit": 18,
    "description": "Художественный слишком трясти природа возможно кольцо эпоха новый бабочка."
  }
},
{
  "model": "shop.bookinfo",
  "pk": 137,
  "fields": {
    "book": 275,
    "price": "7870",
    "publisher": 2,
    "publication_year": 1906,
    "series": 1,
    "isbn": "978-0-502-80760-4",
    "page_count": 204,
    "type_of_cover": "dutch",
    "circulation": 7509,
    "age_limit": 0,
    "description": "Парень плод ботинок заведение забирать приличный устройство растеряться запустить."
  }
},
{
  "model": "shop.bookinfo",
  "pk": 138,
  "fields": {
    "book": 251,
    "price": "1735",
    "publisher": 1,
    "publication_year": 1968,
    "series": 2,
    "isbn": "978-0-469-77051-5",
    "page_count": 862,
    "type_of_cover": "soft",
    "circulation": 6649,
    "age_limit": 16,
    "description": "Торопливый вскинуть рис команда пространство мгновение манера интеллектуальный промолчать."
  }
},
{
  "model": "shop.bookinfo",
  "pk": 139,
  "fields": {
    "book": 272,
    "price": "28",
    "publisher": 4,
    "publication_year": 1922,
    "series": 1,
    "isbn": "978-0-932978-78-3",
    "page_count": 703,
    "type_of_cover": "hard",
    "circulation": 1535,
    "age_limit": 16,
    "description": "Ягода тревога запретить волк сутки вряд зато."
  }
},
{
  "model": "shop.bookinfo",
  "pk": 140,
  "fields": {
    "book": 264,
    "price": "6973",
    "publisher": 5,
    "publication_year": 1918,
    "series": 3,
    "isbn": "978-0-02-295764-3",
    "page_count": 8,
    "type_of_cover": "dutch",
    "circulation": 5881,
    "age_limit": 0,
    "description": "Господь чувство волк наткнуться дружно добиться монета тревога зачем жить багровый результат."
  }
},
{
  "model": "shop.bookinfo",
  "pk": 141,
  "fields": {
    "book": 286,
    "price": "105",
    "publisher": 3,
    "publication_year": 1910,
    "series": 2,
    "isbn": "978-0-03-904282-0",
    "page_count": 167,
    "type_of_cover": "hard",
    "circulation": 3344,
    "age_limit": 16,
    "description": "Выбирать неправда естественный какой подробность сходить мимо спалить плод."
  }
},
{
  "model": "shop.bookinfo",
  "pk": 142,
  "fields": {
    "book": 265,
    "price": "6443",
    "publisher": 1,
    "publication_year": 1952,
    "series": 2,
    "isbn": "978-1-901754-41-4",
    "page_count": 679,
    "type_of_cover": "soft",
    "circulation": 2500,
    "age_limit": 6,
    "description": "Достоинство поколение социалистический июнь кидать горький хотеть деловой песенка сомнительный цепочка роскошный."
  }
},
{
  "model": "shop.bookinfo",
  "pk": 143,
  "fields": {
    "book": 261,
    "price": "1488",
    "publisher": 5,
    "publication_year": 1929,
    "series": 5,
    "isbn": "978-0-13-944445-6",
    "page_count": 339,
    "type_of_cover": "soft",
    "circulation": 4760,
    "age_limit": 0,
    "description": "Приятель единый бок идея результат ночь голубчик смертельный возможно интеллектуальный запустить."
  }
},
{
  "model": "shop.bookinfo",
  "pk": 144,
  "fields": {
    "book": 276,
    "price": "4887",
    "publisher": 2,
    "publication_year": 2002,
    "series": 3,
    "isbn": "978-0-05-141444-5",
    "page_count": 39,
    "type_of_cover": "soft",
    "circulation": 4586,
    "age_limit": 6,
    "description": "Трубка успокоиться кольцо поставить заработать коричневый уничтожение слишком опасность означать."
  }
},
{
  "model": "shop.bookinfo",
  "pk": 145,
  "fields": {
    "book": 260,
    "price": "4693",
    "publisher": 5,
    "publication_year": 2010,
    "series": 4,
    "isbn": "978-1-5486-2357-9",
    "page_count": 513,
    "type_of_cover": "hard",
    "circulation": 8743,
    "age_limit": 0,
    "description": "Металл необычный отметить руководитель разнообразный человечек угроза бак."
  }
},
{
  "model": "shop.bookinfo",
  "pk": 146,
  "fields": {
    "book": 251,
    "price": "214",
    "publisher": 3,
    "publication_year": 1921,
    "series": 5,
    "isbn": "978-1-75284-271-1",
    "page_count": 24,
    "type_of_cover": "soft",
    "circulation": 799,
    "age_limit": 18,
    "description": "Заплакать падаль банда совет банда зеленый."
  }
},
{
  "model": "shop.bookinfo",
  "pk": 147,
  "fields": {
    "book": 270,
    "price": "6650",
    "publisher": 3,
    "publication_year": 1985,
    "series": 2,
    "isbn": "978-0-931645-17-4",
    "page_count": 901,
    "type_of_cover": "soft",
    "circulation": 7569,
    "age_limit": 0,
    "description": "Спешить волк заведение ручей результат встать умирать при смертельный уточнить костер крыса наступать."
  }
},
{
  "model": "shop.bookinfo",
  "pk": 148,
  "fields": {
    "book": 267,
    "price": "5591",
    "publisher": 2,
    "publication_year": 1958,
    "series": 1,
    "isbn": "978-1-936739-12-7",
    "page_count": 502,
    "type_of_cover": "dutch",
    "circulation": 8847,
    "age_limit": 16,
    "description": "Спешить какой висеть монета рай полоска желание головка исследование другой."
  }
},
{
  "model": "shop.bookinfo",
  "pk": 149,
  "fields": {
    "book": 262,
    "price": "2250",
    "publisher": 1,
    "publication_year": 1961,
    "series": 3,
    "isbn": "978-0-86498-172-1",
    "page_count": 205,
    "type_of_cover": "dutch",
    "circulation": 8240,
    "age_limit": 16,
    "description": "Плод жить разуметься выразить беспомощный горький близко рабочий пламя."
  }
},
{
  "model": "shop.bookinfo",
  "pk": 150,
  "fields": {
    "book": 262,
    "price": "8904",
    "publisher": 3,
    "publication_year": 1965,
    "series": 1,
    "isbn": "978-1-114-52345-6",
    "page_count": 328,
    "type_of_cover": "soft",
    "circulation": 6706,
    "age_limit": 12,
    "description": "Выраженный функция достоинство мальчишка степь посвятить."
  }
}
]
